<?xml version="1.0" encoding="UTF-8"?>
    <addon id="repository.13Cscrapers" name="[B][COLOR ff680001]13C[/COLOR] scrapers[/B]" version="0.0.2" provider-name="13Clowns">
        <requires>
            <import addon="xbmc.addon" version="12.0.0"/>
        </requires>
        <extension point="xbmc.addon.repository" name="13Clowns">
            <info compressed="false">https://raw.githubusercontent.com/13Clowns/_scrapers/master/addons.xml</info>
            <checksum>https://raw.githubusercontent.com/13Clowns/_scrapers/master/addons.xml.md5</checksum>
            <datadir zip="true">https://raw.githubusercontent.com/13Clowns/_scrapers/master/</datadir>
            <hashes>false</hashes>
        </extension>
        <extension point="xbmc.addon.metadata">
            <summary>13Clowns Scrapers fork from Lambda (I-A-C). Scraper Module for Exodus based add ons.</summary>
            <description>This addon does not form part of the Kodi Media Centre. Please do not seek assistance with this addon from any of the Official Kodi Support Channels.The author does not host any of the content in this addon and takes no responsibility for content found.</description>
            <platform>all</platform>
    </extension>
</addon>